id,market_id,name,winner
2249229,111934590,Novak Djokovic,0
2249345,111934590,Gilles Simon,0
2251402,111934590,Roger Federer,0
2256470,111934590,Tomas Berdych,0
2256509,111934590,Andy Murray,0
2257300,111934590,Gael Monfils,0
2257309,111934590,Stanislas Wawrinka,0
2265109,111934590,Feliciano Lopez,0
5720747,111934590,Dominic Thiem,1
2248507,111934594,Flavia Pennetta,0
2256462,111934594,Lucie Safarova,0
2309522,111934594,Caroline Wozniacki,0
2453959,111934594,Ekaterina Makarova,0
2538236,111934594,Serena Williams,1
5704759,111934594,Eugenie Bouchard,0
6390244,111934594,Belinda Bencic,0
208017,113528687,Argentina,0
512602,113528687,Greece,1
512603,113528687,Croatia,0
127991,114048194,AC Milan,1
208017,114351059,Argentina,0
512602,114351059,Greece,1
512603,114351059,Croatia,0
512601,114351065,Lithuania,1
1499770,114351065,Australia,0
47999,114910122,Man City,1
41364,115050995,Yes,1
1478460,115050998,The Field,1
2249229,115050999,Novak Djokovic,1
2251402,115051008,Roger Federer,1
2257300,115051008,Gael Monfils,0
3597868,115051012,Federer/S Williams,0
3597871,115051012,Djokovic/S Williams,0
3919331,115051012,Federer/Wozniacki,1
4170813,115051012,Cilic/Wozniacki,0
8817848,115051012,Wawrinka/Makarova,0
8817852,115051012,Nishikori/Pennetta,0
2309522,115051028,Caroline Wozniacki,1
2453959,115051028,Ekaterina Makarova,0
2538236,115051028,Serena Williams,0
2309522,115051029,Caroline Wozniacki,1
512603,115056997,Croatia,0
1499774,115056997,Senegal,1
4949550,115056999,Croatia -18.5,0
8815358,115056999,Senegal +18.5,1
291090,115057004,Under 152.5pts,1
512603,115057007,Croatia,1
2004746,115057012,Senegal (HT),1
284455,115057017,Under 142.5pts,0
284456,115057017,Over 142.5pts,1
264289,115057018,Under 162.5pts,1
2208036,115057207,Iran,0
2486691,115057207,Serbia,1
3230775,115057209,Serbia -18.5,0
4949549,115057209,Iran +18.5,1
2543464,115057220,Over 35.5pts,1
313164,115057226,Over 143.5pts,1
288116,115057228,Under 153.5pts,1
288117,115057228,Over 153.5pts,0
208017,115057420,Argentina,1
4096285,115057420,Philippines,0
4115887,115057422,Philippines +14.5,1
5797448,115057422,Argentina -14.5,0
4096285,115057433,Philippines,1
2847279,115057444,Under 40.5pts,1
264289,115057461,Under 162.5pts,0
264290,115057461,Over 162.5pts,1
286956,115057465,Under 172.5pts,1
286964,115057465,Over 172.5pts,0
1183340,115057718,Egypt,1
4903619,115057719,France -20.5,1
295660,115057723,Over 130.5pts,1
2543462,115057727,Under 35.5pts,1
774624,115057730,Over 70.5pts,1
286850,115057731,Over 140.5pts,1
286851,115057731,Under 140.5pts,0
697203,115057732,Under 150.5pts,1
697204,115057732,Over 150.5pts,0
208003,115057975,Puerto Rico,1
2532221,115057976,Greece -14.5,0
5846953,115057976,Puerto Rico +14.5,1
291093,115057980,Over 134.5pts,1
4565676,115057984,Under 38.5pts,0
4565677,115057984,Over 38.5pts,1
676988,115057987,Under 77.5pts,1
676989,115057987,Over 77.5pts,0
697199,115057988,Under 154.5pts,0
697200,115057988,Over 154.5pts,1
767338,115057989,Under 144.5pts,0
767339,115057989,Over 144.5pts,1
207999,115057993,Brazil,0
208006,115057993,Spain,1
532699,115057994,Spain -12.5,1
291100,115057998,Under 156.5pts,1
291101,115057998,Over 156.5pts,0
2549469,115058002,Under 36.5pts,1
293338,115058006,Under 146.5pts,1
293339,115058006,Over 146.5pts,0
208002,115058010,Angola,0
2489657,115058010,Mexico,1
4844642,115058011,Mexico -2.5,1
5736407,115058011,Angola +2.5,0
291135,115058015,Under 147.5pts,1
291136,115058015,Over 147.5pts,0
2489657,115058017,Mexico,1
2004689,115058020,Angola (HT),1
2549479,115058022,Under 73.5pts,1
298515,115058023,Under 137.5pts,1
298516,115058023,Over 137.5pts,0
299046,115058024,Under 157.5pts,1
208004,115058026,Turkey,0
512609,115058026,Ukraine,1
3238866,115058027,Turkey -7.5,0
4032975,115058027,Ukraine +7.5,1
310669,115058031,Under 141.5pts,1
310670,115058031,Over 141.5pts,0
5759672,115058036,Ukraine (HT),1
774623,115058038,Under 70.5pts,1
286849,115058039,Under 151.5pts,1
1074251,115058040,Under 131.5pts,1
1074252,115058040,Over 131.5pts,0
512601,115058042,Lithuania,0
1499770,115058042,Australia,1
3248429,115058043,Lithuania -4.5,0
4834184,115058043,Australia +4.5,1
697199,115058047,Under 154.5pts,0
697200,115058047,Over 154.5pts,1
2005640,115058052,Australia (HT),1
2005731,115058052,Lithuania (HT),0
680260,115058054,Over 76.5pts,1
697205,115058055,Under 164.5pts,1
697206,115058055,Over 164.5pts,0
767339,115058056,Over 144.5pts,1
4831959,115058063,USA -42.5,0
8815387,115058063,New Zealand +42.5,1
246998,115058067,Under 179.5pts,1
246999,115058067,Over 179.5pts,0
6487391,115058070,New Zealand +10.5,1
404842,115058071,Under 44.5pts,0
404843,115058071,Over 44.5pts,1
406520,115058074,Over 89.5pts,1
249516,115058075,Under 189.5pts,1
249517,115058075,Over 189.5pts,0
264295,115058076,Under 169.5pts,1
264296,115058076,Over 169.5pts,0
1228601,115058080,South Korea,1
6485273,115058081,South Korea +22.5,1
7677435,115058081,Slovenia -22.5,0
7607996,115058082,Slovenia -24.5,0
8817647,115058082,South Korea +24.5,1
697203,115058085,Under 150.5pts,0
697204,115058085,Over 150.5pts,1
2545205,115058092,Under 75.5pts,0
2545206,115058092,Over 75.5pts,1
618960,115058093,Over 160.5pts,1
286850,115058094,Over 140.5pts,1
1228979,115058096,Finland,0
4123625,115058096,Dominican Republic,1
8815389,115058097,Dominican Republic +4.5,1
286848,115058101,Over 151.5pts,0
286849,115058101,Under 151.5pts,1
4123625,115058103,Dominican Republic,1
5797487,115058107,Finland -2.5,1
310669,115058110,Under 141.5pts,0
310670,115058110,Over 141.5pts,1
1499770,115058115,Australia,1
2489657,115058115,Mexico,0
8813662,115058116,Mexico +13.5pts,1
8818738,115058116,Australia -13.5pts,0
299048,115058120,Under 155.5pts,1
299049,115058120,Over 155.5pts,0
7629613,115058123,Mexico +3.5pts,1
2005640,115058125,Australia (HT),1
8781268,115058125,Mexico (HT),0
8818804,115058126,Australia -6.5pts,1
257809,115058128,Under 165.5pts,1
295627,115058129,Under 145.5pts,1
295628,115058129,Over 145.5pts,0
208003,115058132,Puerto Rico,1
4096285,115058132,Philippines,0
257809,115058137,Under 165.5pts,1
257810,115058137,Over 165.5pts,0
841533,115058141,Under 41.5pts,1
841534,115058141,Over 41.5pts,0
8781239,115058142,Philippines (HT),1
676987,115058144,Over 82.5pts,1
249520,115058145,Under 175.5pts,1
249521,115058145,Over 175.5pts,0
299048,115058146,Under 155.5pts,1
299049,115058146,Over 155.5pts,0
208010,115058152,New Zealand,1
512609,115058152,Ukraine,0
8818740,115058153,Ukraine -4.5pts,1
8818806,115058160,New Zealand +1.5pts,1
5150432,115058164,Under 72.5pts,1
284463,115058166,Under 135.5pts,1
284464,115058166,Over 135.5pts,0
1183340,115058169,Egypt,0
2208036,115058169,Iran,1
8817798,115058170,Egypt +10.5pts,1
284456,115058174,Over 142.5pts,1
2209508,115058179,Iran (HT),1
2399674,115058181,Under 71.5pts,1
291090,115058182,Under 152.5pts,0
291091,115058182,Over 152.5pts,1
291132,115058183,Over 132.5pts,1
208002,115058186,Angola,0
512605,115058186,Slovenia,1
298513,115058190,Under 148.5pts,1
512605,115058193,Slovenia,1
2004689,115058196,Angola (HT),0
2005669,115058196,Slovenia (HT),1
618960,115058199,Over 160.5pts,1
208017,115058205,Argentina,1
1499774,115058205,Senegal,0
313165,115058210,Under 158.5pts,1
8817806,115058216,Argentina -4.5pts,1
298513,115058219,Under 148.5pts,1
208004,115058221,Turkey,1
1228979,115058221,Finland,0
767338,115058226,Under 144.5pts,1
2549469,115058230,Under 36.5pts,1
3315180,115058232,Finland +2.5pts,1
291093,115058235,Over 134.5pts,1
207999,115058238,Brazil,1
2486691,115058238,Serbia,0
293338,115058243,Under 146.5pts,1
8817788,115058246,Brazil -1.5pts,1
2549479,115058250,Under 73.5pts,1
291100,115058251,Under 156.5pts,1
291101,115058251,Over 156.5pts,0
285399,115058252,Under 136.5pts,1
8818736,115058256,Lithuania -22.5pts,1
291100,115058260,Under 156.5pts,1
259976,115058268,Under 166.5pts,1
293338,115058269,Under 146.5pts,1
512602,115058271,Greece,1
512603,115058271,Croatia,0
2543446,115058272,Croatia +2.5pts,0
5788278,115058272,Greece -2.5pts,1
697203,115058276,Under 150.5pts,1
697204,115058276,Over 150.5pts,0
512602,115058278,Greece,1
2005732,115058281,Greece (HT),1
2545206,115058283,Over 75.5pts,1
286850,115058285,Over 140.5pts,1
286851,115058285,Under 140.5pts,0
4123625,115058287,Dominican Republic,1
8818725,115058288,Dominican Republic +38.5pts,1
8818729,115058288,USA -38.5pts,0
249518,115058292,Under 174.5pts,0
249519,115058292,Over 174.5pts,1
430400,115058296,Over 43.5pts,1
247009,115058300,Under 184.5pts,1
247010,115058300,Over 184.5pts,0
697205,115058301,Under 164.5pts,1
512600,115058303,France,1
7615785,115058304,Spain -17.5pts,1
3207527,115058305,Spain -15.5pts,1
8819964,115058305,France +15.5pts,0
295627,115058308,Under 145.5pts,0
295628,115058308,Over 145.5pts,1
8817791,115058314,Spain -8.5pts,1
5150433,115058315,Over 72.5pts,1
299048,115058316,Under 155.5pts,1
299049,115058316,Over 155.5pts,0
284464,115058317,Over 135.5pts,1
208002,115058322,Angola,1
1499770,115058322,Australia,0
4956410,115058323,Angola +11.5,1
291090,115058327,Under 152.5pts,0
291091,115058327,Over 152.5pts,1
4822958,115058330,Australia -2.5,1
4565677,115058331,Over 38.5pts,1
2030614,115058333,Angola +5.5,0
4864119,115058333,Australia -5.5,1
7712866,115058334,Under 76.5,1
264290,115058335,Over 162.5pts,1
284455,115058336,Under 142.5pts,0
284456,115058336,Over 142.5pts,1
1499774,115058340,Senegal,0
4096285,115058340,Philippines,1
8820428,115058341,Philippines -1.5pts,1
286849,115058345,Under 151.5pts,1
2004746,115058350,Senegal (HT),1
697201,115058353,Under 161.5pts,1
310669,115058354,Under 141.5pts,0
310670,115058354,Over 141.5pts,1
208010,115058357,New Zealand,1
1228979,115058357,Finland,0
697203,115058362,Under 150.5pts,1
697204,115058362,Over 150.5pts,0
2545205,115058369,Under 75.5pts,1
286850,115058371,Over 140.5pts,0
286851,115058371,Under 140.5pts,1
1183340,115058373,Egypt,1
8820617,115058374,Egypt +27.5pts,0
8820618,115058374,Brazil -27.5pts,1
7695515,115058375,Brazil -32.5pts,1
8820621,115058376,Brazil -22.5pts,1
767338,115058378,Under 144.5pts,0
767339,115058378,Over 144.5pts,1
207999,115058380,Brazil,1
8820623,115058384,Brazil -13.5pts,1
697199,115058386,Under 154.5pts,1
1228601,115058390,South Korea,0
2489657,115058390,Mexico,1
8781268,115058400,Mexico (HT),1
7629609,115058401,Mexico -6.5pts,1
512609,115058406,Ukraine,1
8820339,115058407,Ukraine +37.5pts,1
8820971,115058409,Ukraine +42.5pts,1
252810,115058411,Under 170.5pts,1
252811,115058411,Over 170.5pts,0
8820354,115058414,Ukraine +8.5pts,1
3315191,115058417,Ukraine +18.5pts,1
618959,115058419,Under 160.5pts,0
618960,115058419,Over 160.5pts,1
251194,115058420,Over 180.5pts,1
512600,115058423,France,1
2208036,115058423,Iran,0
3123386,115058424,Iran +14.5pts,1
5788470,115058424,France -14.5pts,0
2208036,115058430,Iran,1
291101,115058436,Over 156.5pts,1
285399,115058437,Under 136.5pts,1
512603,115058440,Croatia,1
2537901,115058441,Croatia -8.5pts,1
8820537,115058441,Puerto Rico +8.5pts,0
8820539,115058442,Puerto Rico +13.5pts,0
8820540,115058442,Croatia -13.5pts,1
208003,115058447,Puerto Rico,1
4905206,115058450,Croatia (HT),1
264296,115058453,Over 169.5pts,1
512601,115058457,Lithuania,1
512605,115058457,Slovenia,0
537988,115058458,Lithuania -2.5pts,1
1265229,115058458,Slovenia +2.5pts,0
8820455,115058459,Lithuania -3.5pts,1
288116,115058462,Under 153.5pts,1
288117,115058462,Over 153.5pts,0
512605,115058464,Slovenia,1
8820461,115058465,Slovenia +1.5pts,1
4565677,115058466,Over 38.5pts,1
2005669,115058467,Slovenia (HT),1
6466225,115058470,Under 163.5pts,1
313164,115058471,Over 143.5pts,1
208004,115058474,Turkey,1
4123625,115058474,Dominican Republic,0
2561834,115058475,Turkey -4.5pts,1
286851,115058479,Under 140.5pts,1
2543464,115058483,Over 35.5pts,1
295659,115058488,Under 130.5pts,1
208006,115058495,Spain,1
7615785,115058496,Spain -17.5pts,0
8820396,115058496,Serbia +17.5pts,1
8820397,115058497,Serbia +18.5pts,1
8820399,115058498,Serbia +16.5pts,1
8820400,115058498,Spain -16.5pts,0
286852,115058500,Over 149.5pts,1
2486691,115058502,Serbia,1
2014223,115058505,Serbia (HT),1
704544,115058508,Under 159.5pts,0
704545,115058508,Over 159.5pts,1
208017,115058511,Argentina,0
512602,115058511,Greece,1
1184627,115058513,Greece -5.5,1
4871640,115058513,Argentina +5.5,0
288116,115058516,Under 153.5pts,1
288117,115058516,Over 153.5pts,0
680260,115058523,Over 76.5pts,1
6466226,115058524,Over 163.5pts,1
313163,115058525,Under 143.5pts,0
313164,115058525,Over 143.5pts,1
2538236,115071484,Serena Williams,1
2309567,115071487,Sara Errani,1
1222346,115099761,Over 4.5 Goals,1
58805,115099776,The Draw,1
8550708,115129982,Semi Final,1
14,115136521,2 - 3,1
1221385,115136602,Under 1.5 Goals,1
5851482,115136671,Under 0.5 Goals,1
1222346,115136792,Over 4.5 Goals,0
1222347,115136792,Under 4.5 Goals,1
5,115136802,2 - 0,1
5,115136803,2 - 0,1
539879,115136805,Draw/G Furth,1
1485567,115136814,Under 5.5 Goals,1
1222346,115136887,Over 4.5 Goals,0
1222347,115136887,Under 4.5 Goals,1
13,115136898,3 - 3,1
3365758,115136900,Vestsjaelland/Vestsjaelland,1
58805,115136902,The Draw,1
8,115136992,1 - 2,0
9,115136992,0 - 2,1
47972,115137087,Under 2.5 Goals,1
70468,115137090,Nancy,1
1101609,115137184,Chivas USA,1
526007,115137429,4 - 0,1
526008,115137429,5 - 0,0
6764752,115137430,Rio Ave -1,1
6384646,115137431,Home or Draw,1
6384647,115137431,Draw or Away,0
5851482,115137433,Under 0.5 Goals,1
1221385,115137445,Under 1.5 Goals,0
1221386,115137445,Over 1.5 Goals,1
30246,115137446,Yes,0
30247,115137446,No,1
495321,115137447,Rio Ave,1
1221385,115137449,Under 1.5 Goals,0
1221386,115137449,Over 1.5 Goals,1
1222344,115137450,Under 3.5 Goals,0
1222345,115137450,Over 3.5 Goals,1
1222346,115137451,Over 4.5 Goals,0
1222347,115137451,Under 4.5 Goals,1
1249480,115137460,Rio Ave (HT),1
1256158,115137460,Boavista (HT),0
2004841,115137460,The Draw (HT),0
1,115137461,0 - 0,0
2,115137461,1 - 0,0
3,115137461,1 - 1,0
4,115137461,0 - 1,0
5,115137461,2 - 0,1
6,115137461,2 - 1,0
9,115137461,0 - 2,0
1,115137462,0 - 0,0
2,115137462,1 - 0,0
3,115137462,1 - 1,0
4,115137462,0 - 1,0
5,115137462,2 - 0,0
6,115137462,2 - 1,0
7,115137462,2 - 2,0
10,115137462,3 - 0,0
11,115137462,3 - 1,0
12,115137462,3 - 2,0
15,115137462,1 - 3,0
16,115137462,0 - 3,0
4506345,115137462,Any Unquoted ,1
47972,115137463,Under 2.5 Goals,0
47973,115137463,Over 2.5 Goals,1
116868,115137464,Boavista/Draw,0
116869,115137464,Boavista/Boavista,1
3710152,115137464,Draw/Draw,0
69844,115137465,11 - 20 Minutes,0
69845,115137465,21 - 30 Minutes,1
10761,115137466,Boavista,0
58805,115137466,The Draw,0
495321,115137466,Rio Ave,1
30247,115137467,No,1
30247,115137468,No,1
30246,115137469,Yes,1
30247,115137470,No,1
955466,115137471,Odd,1
1485567,115137473,Under 5.5 Goals,1
1485568,115137473,Over 5.5 Goals,0
2542449,115137474,Over 6.5 Goals,1
5851482,115137518,Under 0.5 Goals,1
47972,115137519,Under 2.5 Goals,1
1,115137647,0 - 0,1
1221386,115137699,Over 1.5 Goals,1
1222345,115137700,Over 3.5 Goals,1
5,115137712,2 - 0,0
11,115137712,3 - 1,1
7543342,115138069,Army XI,1
47973,115138076,Over 2.5 Goals,1
6593759,115138165,Jong VVV Helmond Sport,1
5278047,115138309,Jong Groningen,1
1485567,115138314,Under 5.5 Goals,1
1485567,115138410,Under 5.5 Goals,1
58805,115138514,The Draw,1
5412786,115138560,Rosenborg II,1
4638399,115138566,Vasteras SK,1
344796,115138572,FC Jazz,1
47973,115142404,Over 2.5 Goals,1
2542448,115142415,Under 6.5 Goals,1
1222345,115184309,Over 3.5 Goals,1
18563,115184328,Peterborough,0
69717,115184328,Leyton Orient,1
1485572,115184426,Under 7.5 Goals,1
1221385,115184449,Under 1.5 Goals,1
1222345,115184450,Over 3.5 Goals,1
1,115184462,0 - 0,1
47972,115184463,Under 2.5 Goals,1
512619,115184466,Arsenal FC,1
5851483,115184518,Over 0.5 Goals,1
1399761,115184660,Teplice (HT),1
2,115184662,1 - 0,1
47972,115184663,Under 2.5 Goals,1
1222344,115184715,Under 3.5 Goals,1
1222346,115184716,Over 4.5 Goals,1
2004841,115184725,The Draw (HT),1
1221386,115184779,Over 1.5 Goals,1
1,115184791,0 - 0,1
1,115184853,0 - 0,1
5289044,115185036,Pahang,0
8791799,115185036,Johor Darul Tazim II,1
4,115185163,0 - 1,1
49584,115185165,Wycombe,1
18559,115185213,Cheltenham,1
3,115185214,1 - 1,1
49204,115185261,Stevenage,1
56295,115185357,Preston,1
58805,115185501,The Draw,1
47972,115185545,Under 2.5 Goals,1
47972,115185593,Under 2.5 Goals,1
7,115185739,2 - 2,1
69719,115185789,Southend,1
4506345,115190765,Any Unquoted ,1
5,115190830,2 - 0,1
6394,115190833,Rapid Bucharest,1
198129,115192003,Parana,1
5851482,115192055,Under 0.5 Goals,1
5851483,115192055,Over 0.5 Goals,0
495321,115192306,Rio Ave,1
6,115192307,2 - 1,0
10,115192307,3 - 0,1
47973,115192312,Over 2.5 Goals,1
1222344,115192313,Under 3.5 Goals,0
1222345,115192313,Over 3.5 Goals,1
1221385,115195142,Under 1.5 Goals,1
1222346,115195144,Over 4.5 Goals,1
2004841,115195154,The Draw (HT),1
5,115195157,2 - 0,1
15329,115195159,England/England,1
1485568,115195175,Over 5.5 Goals,1
5851482,115195191,Under 0.5 Goals,1
1222345,115195275,Over 3.5 Goals,1
47973,115195290,Over 2.5 Goals,1
55212,115195294,Argentina,1
58805,115195294,The Draw,0
1221386,115195301,Over 1.5 Goals,1
1485568,115195306,Over 5.5 Goals,1
2795145,115195323,2 - 4,1
1221386,115195393,Over 1.5 Goals,1
2,115195408,1 - 0,1
5259406,115195521,Joinville,1
1222344,115195524,Under 3.5 Goals,1
47972,115195537,Under 2.5 Goals,1
5851483,115195592,Over 0.5 Goals,1
10,115195630,3 - 0,1
47973,115195631,Over 2.5 Goals,1
3,115195724,1 - 1,1
47972,115195725,Under 2.5 Goals,1
2,115195818,1 - 0,0
16,115195818,0 - 3,1
1,115195901,0 - 0,1
5851482,115195972,Under 0.5 Goals,1
1221386,115196035,Over 1.5 Goals,1
47972,115196049,Under 2.5 Goals,1
1221386,115196118,Over 1.5 Goals,1
4506345,115196196,Any Unquoted ,1
209704,115196199,Israel U21,1
47972,115196262,Under 2.5 Goals,1
1222345,115196379,Over 3.5 Goals,1
47973,115196652,Over 2.5 Goals,1
1221385,115196655,Under 1.5 Goals,1
47972,115197110,Under 2.5 Goals,1
2019917,115197199,Huachipato,1
1221386,115197209,Over 1.5 Goals,1
3794139,115197590,ABC,1
3247346,115197825,Antwerp,1
7408886,115197870,White Star Bruxelles,1
11,115197952,3 - 1,1
47972,115197953,Under 2.5 Goals,1
24,115197957,France,1
5851483,115197986,Over 0.5 Goals,1
8549141,115198052,Under 2.5 Cards,1
1222345,115198083,Over 3.5 Goals,1
4506345,115198093,Any Unquoted ,1
1057347,115198094,Netherlands (HT),1
1221385,115198110,Under 1.5 Goals,1
1221386,115198243,Over 1.5 Goals,1
1222345,115198244,Over 3.5 Goals,1
47972,115198257,Under 2.5 Goals,1
1222347,115198339,Under 4.5 Goals,1
30246,115198428,Yes,1
1222344,115198526,Under 3.5 Goals,1
4506345,115198538,Any Unquoted ,1
1222344,115198714,Under 3.5 Goals,1
2003420,115198728,Draw/Chivas USA,1
5851482,115198800,Under 0.5 Goals,1
5851483,115198836,Over 0.5 Goals,1
1,115198853,0 - 0,1
5310329,115198986,Vitoria BA,1
5851483,115199031,Over 0.5 Goals,1
58805,115199051,The Draw,1
6,115199113,2 - 1,1
58805,115199116,The Draw,1
12,115199253,3 - 2,1
58805,115199440,The Draw,1
7579809,115199444,SESA Football Academy (HT),1
58805,115199488,The Draw,1
4744864,115199536,Leiknir R,1
2542448,115199587,Under 6.5 Goals,1
47972,115199846,Under 2.5 Goals,1
384083,115200040,GAIS,1
354489,115200633,Russia U21,1
2004841,115200644,The Draw (HT),1
3,115200741,1 - 1,1
1,115200744,0 - 0,1
4,115200744,0 - 1,0
47972,115200781,Under 2.5 Goals,1
47972,115200831,Under 2.5 Goals,1
1222344,115200832,Under 3.5 Goals,1
58805,115200896,The Draw,1
3,115200958,1 - 1,1
7431787,115201052,Vendsyssel FF,1
1,115201065,0 - 0,1
60293,115202205,Modena,1
1499774,115203905,Senegal,1
512602,115203909,Greece,1
208002,115203911,Angola,1
512609,115203912,Ukraine,1
1499770,115203913,Australia,1
4123625,115203916,Dominican Republic,1
1499770,115203917,Australia,1
208003,115203918,Puerto Rico,1
4096285,115203918,Philippines,0
208004,115203923,Turkey,1
1228979,115203923,Finland,0
512601,115203925,Lithuania,1
208006,115203927,Spain,1
1499770,115203929,Australia,1
1499774,115203930,Senegal,0
4096285,115203930,Philippines,1
208003,115203935,Puerto Rico,0
512603,115203935,Croatia,1
512602,115203939,Greece,1
13116,115205508,Indiana,0
13117,115205508,Chicago,1
291135,115205510,Under 147.5pts,0
291136,115205510,Over 147.5pts,1
47973,115208013,Over 2.5 Goals,1
58805,115208028,The Draw,0
2740556,115208028,Le Poire-sur-Vie,1
58805,115208032,The Draw,1
47972,115208033,Under 2.5 Goals,1
1550831,115208046,Pirmasens,1
7,115208070,2 - 2,1
4,115208073,0 - 1,1
233650,115208122,Wales U21,1
25924,115208170,England U21,1
10,115208216,3 - 0,1
354169,115208266,Bosnia U21,1
1221385,115208849,Under 1.5 Goals,1
1222347,115208991,Under 4.5 Goals,1
47972,115210390,Under 2.5 Goals,1
364470,115210392,Waterford,1
15,115210502,1 - 3,1
198746,115210506,Dundalk,1
5851483,115211175,Over 0.5 Goals,1
1222347,115211217,Under 4.5 Goals,1
3,115211341,1 - 1,1
198137,115211344,Internacional,1
10,115211462,3 - 0,1
198126,115211469,Sao Paulo,1
1221386,115212102,Over 1.5 Goals,1
15,115212115,1 - 3,1
47973,115212116,Over 2.5 Goals,1
2542448,115212121,Under 6.5 Goals,1
2,115212180,1 - 0,1
123849,115212183,Italy U21,1
1221386,115212232,Over 1.5 Goals,1
30246,115212359,Yes,1
1222344,115212363,Under 3.5 Goals,1
58805,115212378,The Draw,1
2542448,115212381,Under 6.5 Goals,1
47972,115212572,Under 2.5 Goals,1
1221386,115212604,Over 1.5 Goals,1
1222344,115212605,Under 3.5 Goals,1
2004568,115212615,Ponte Preta (HT),1
1,115212617,0 - 0,1
6,115212617,2 - 1,0
9,115212617,0 - 2,0
1,115212711,0 - 0,1
4506345,115212712,Any Unquoted ,1
30246,115212719,Yes,1
2542448,115212724,Under 6.5 Goals,1
16,115212806,0 - 3,1
47972,115212807,Under 2.5 Goals,1
29636,115212810,Japan,1
5851482,115212862,Under 0.5 Goals,1
1222344,115212873,Under 3.5 Goals,1
1222345,115212873,Over 3.5 Goals,0
2004841,115212876,The Draw (HT),1
48043,115212884,Coventry,1
58805,115212884,The Draw,0
6633814,115212945,Coventry/Over 2.5 Goals,1
58805,115212993,The Draw,1
47973,115212994,Over 2.5 Goals,1
5391154,115213011,Kaiserslautern II,1
46944,115213135,Glentoran,1
58805,115213145,The Draw,1
3667298,115213149,Prestatyn,0
3667299,115213149,Newtown,1
1222347,115213336,Under 4.5 Goals,1
5,115213412,2 - 0,1
58805,115213743,The Draw,1
7447267,115214357,Draw/Sporting Gijon,1
1485567,115214505,Under 5.5 Goals,1
2542449,115214551,Over 6.5 Goals,1
1,115214653,0 - 0,1
1485567,115214742,Under 5.5 Goals,1
2542448,115214743,Under 6.5 Goals,1
3316811,115214747,0 - 5,1
6759887,115214748,Braga B +1,1
5851483,115214785,Over 0.5 Goals,1
30246,115214786,Yes,1
616891,115214788,Freamunde,1
6563319,115214788,Braga B,0
1222344,115214790,Under 3.5 Goals,1
1222345,115214790,Over 3.5 Goals,0
1222346,115214791,Over 4.5 Goals,0
1222347,115214791,Under 4.5 Goals,1
4,115214801,0 - 1,0
9,115214801,0 - 2,1
3,115214802,1 - 1,0
4,115214802,0 - 1,0
7,115214802,2 - 2,0
13,115214802,3 - 3,0
15,115214802,1 - 3,0
4506345,115214802,Any Unquoted ,1
47972,115214803,Under 2.5 Goals,1
3664945,115214804,Draw/Freamunde,0
3664948,115214804,Freamunde/Freamunde,1
3710152,115214804,Draw/Draw,0
6579562,115214804,Braga B/Braga B,0
6898164,115214804,Freamunde/Braga B,0
58805,115214805,The Draw,0
616891,115214805,Freamunde,1
6563319,115214805,Braga B,0
1,115214842,0 - 0,1
47972,115214844,Under 2.5 Goals,1
1221385,115214924,Under 1.5 Goals,1
1222344,115214925,Under 3.5 Goals,1
1222346,115215114,Over 4.5 Goals,1
47972,115215126,Under 2.5 Goals,1
58805,115215223,The Draw,1
1221386,115215296,Over 1.5 Goals,1
7,115215313,2 - 2,1
47973,115215824,Over 2.5 Goals,1
47972,115215896,Under 2.5 Goals,1
58805,115215901,The Draw,1
58805,115215916,The Draw,1
47972,115215919,Under 2.5 Goals,1
47972,115216126,Under 2.5 Goals,1
5851482,115216264,Under 0.5 Goals,1
1485568,115216318,Over 5.5 Goals,1
6,115216319,2 - 1,1
3,115216571,1 - 1,1
498543,115216998,Dynamo Dresden,1
3,115217126,1 - 1,1
2319612,115217456,Yokohama FC,1
1221386,115217506,Over 1.5 Goals,1
4270387,115217655,FC Gifu,1
5561025,115217720,Okayama,1
30246,115217896,Yes,1
1222345,115217900,Over 3.5 Goals,1
1222346,115218100,Over 4.5 Goals,1
955467,115218120,Even,1
2397366,115218210,Nautico,1
4,115218300,0 - 1,1
4701920,115218304,America RN,1
5851482,115218356,Under 0.5 Goals,1
1222347,115218384,Under 4.5 Goals,1
58805,115218399,The Draw,1
1221385,115218571,Under 1.5 Goals,1
2003390,115218582,Gremio (HT),1
58805,115218588,The Draw,0
198138,115218588,Flamengo,1
5851483,115218640,Over 0.5 Goals,1
2,115218959,1 - 0,1
2,115218960,1 - 0,1
2,115219336,1 - 0,1
8,115219337,1 - 2,1
1222345,115219513,Over 3.5 Goals,1
14,115219525,2 - 3,1
47973,115219526,Over 2.5 Goals,1
4,115219619,0 - 1,1
1,115219807,0 - 0,1
1222345,115219889,Over 3.5 Goals,1
256226,115220188,York City,1
5851483,115220437,Over 0.5 Goals,1
58805,115220470,The Draw,1
6772629,115220530,Wycombe +1,1
9,115220842,0 - 2,1
47973,115220843,Over 2.5 Goals,1
4589336,115220844,Philadelphia/Philadelphia,1
2332204,115223765,1 Goal,1
1221385,115224143,Under 1.5 Goals,1
1222347,115224145,Under 4.5 Goals,1
2004841,115224155,The Draw (HT),1
1,115224157,0 - 0,1
7,115224157,2 - 2,0
1,115224158,0 - 0,1
5851482,115224189,Under 0.5 Goals,1
2030575,115226234,Kohlschreiber,1
1221385,115226646,Under 1.5 Goals,1
47972,115226660,Under 2.5 Goals,0
47973,115226660,Over 2.5 Goals,1
1,115226753,0 - 0,1
7,115226847,2 - 2,1
2542448,115227047,Under 6.5 Goals,1
501202,115227133,Avellino,1
47973,115227507,Over 2.5 Goals,1
58805,115227510,The Draw,1
199545,115227510,Bologna,0
3,115227600,1 - 1,1
47972,115227601,Under 2.5 Goals,1
201262,115227604,Catania,1
676466,115227698,Bari,1
6763024,115227796,Yokohama FM +1,1
6,115227848,2 - 1,1
5851482,115228026,Under 0.5 Goals,1
1,115228043,0 - 0,1
13,115228043,3 - 3,0
58805,115228046,The Draw,1
1221385,115228047,Under 1.5 Goals,1
1221386,115228047,Over 1.5 Goals,0
1287674,115228094,Trofense,1
1221386,115228095,Over 1.5 Goals,1
1222344,115228096,Under 3.5 Goals,1
1222345,115228096,Over 3.5 Goals,0
1222346,115228097,Over 4.5 Goals,1
2004841,115228106,The Draw (HT),0
3278647,115228106,Trofense (HT),0
7611329,115228106,Academico de Viseu (HT),1
3,115228107,1 - 1,0
4,115228107,0 - 1,1
2,115228108,1 - 0,0
5,115228108,2 - 0,1
13,115228108,3 - 3,0
47972,115228109,Under 2.5 Goals,1
47973,115228109,Over 2.5 Goals,0
1287674,115228111,Trofense,0
7611327,115228111,Academico de Viseu,1
1221386,115228177,Over 1.5 Goals,1
1485567,115228178,Under 5.5 Goals,1
2542448,115228179,Under 6.5 Goals,1
2542449,115228179,Over 6.5 Goals,0
1485573,115228180,Over 7.5 Goals,1
6754589,115228184,Guimaraes B +1,1
5851483,115228185,Over 0.5 Goals,1
6758158,115228186,Leixoes +1,1
30247,115228222,No,1
1221385,115228225,Under 1.5 Goals,0
1221386,115228225,Over 1.5 Goals,1
1222344,115228226,Under 3.5 Goals,0
1222345,115228226,Over 3.5 Goals,1
1222346,115228227,Over 4.5 Goals,1
2004841,115228236,The Draw (HT),1
9,115228237,0 - 2,1
8,115228238,1 - 2,0
9,115228238,0 - 2,0
4506345,115228238,Any Unquoted ,1
47972,115228239,Under 2.5 Goals,0
47973,115228239,Over 2.5 Goals,1
58805,115228241,The Draw,1
146050,115228241,Leixoes,0
6563316,115228241,Guimaraes B,0
58805,115228304,The Draw,1
4002273,115228544,Wilmington,1
4,115228723,0 - 1,1
58805,115228873,The Draw,1
47972,115228967,Under 2.5 Goals,1
47973,115229014,Over 2.5 Goals,1
350849,115229433,FC Tokyo,1
7,115229637,2 - 2,1
1221385,115229718,Under 1.5 Goals,1
361329,115229735,Atletico MG,1
1221385,115229906,Under 1.5 Goals,1
1,115229918,0 - 0,1
58805,115229923,The Draw,1
1221385,115230000,Under 1.5 Goals,1
13,115230107,3 - 3,1
1222346,115230378,Over 4.5 Goals,1
47973,115230390,Over 2.5 Goals,1
5383053,115230393,Vancouver Whitecaps,1
2003431,115230481,Chivas USA (HT),1
2542448,115230589,Under 6.5 Goals,1
2542449,115230589,Over 6.5 Goals,0
4506345,115230671,Any Unquoted ,1
47973,115230672,Over 2.5 Goals,1
30246,115230749,Yes,1
1221385,115230846,Under 1.5 Goals,1
1222347,115230848,Under 4.5 Goals,1
47973,115230918,Over 2.5 Goals,1
767907,115230971,Trelleborgs,1
58805,115230991,The Draw,1
3847575,115230991,HIFK,0
2004841,115231113,The Draw (HT),1
151478,115231251,Draw,1
4,115231336,0 - 1,1
3710152,115231338,Draw/Draw,1
2004841,115231459,The Draw (HT),1
61283,115231563,Georgia,1
47973,115231582,Over 2.5 Goals,1
3750395,115231696,Benedikt Howedes,1
2004841,115231697,The Draw (HT),1
5,115231700,2 - 0,1
12,115231700,3 - 2,0
47972,115231701,Under 2.5 Goals,1
30246,115231707,Yes,1
15287,115231824,Greece,1
1,115231938,0 - 0,1
1,115232057,0 - 0,1
47972,115232058,Under 2.5 Goals,1
15285,115232062,Albania,1
30246,115232066,Yes,1
47973,115232138,Over 2.5 Goals,1
1550976,115235723,Mgladbach II,1
58805,115235856,The Draw,1
6064987,115235858,Ironi Tiberias,1
5851483,115236324,Over 0.5 Goals,1
47972,115242356,Under 2.5 Goals,1
2542448,115243424,Under 6.5 Goals,1
2542449,115243424,Over 6.5 Goals,0
2252607,115243996,Jelena Jankovic,0
6390244,115243996,Belinda Bencic,1
3120169,115244650,Grigor Dimitrov,1
5224084,115244650,David Goffin,0
1523937,115244654,Over 37.5 Games,1
3064880,115244661,Four Sets,1
2257300,115245168,Gael Monfils,1
2257300,115245176,Gael Monfils,1
3064881,115245179,Five Sets,1
2248499,115245208,Shuai Peng,1
2265109,115245373,Feliciano Lopez,1
3066621,115245416,Adrian Mannarino,0
4290403,115245416,Roberto Bautista Agut,1
2256470,115245435,Tomas Berdych,1
8555313,115245506,M Granollers 3 - 1,1
3633016,115245508,Granollers +8.5 Games,1
1222344,115246172,Under 3.5 Goals,1
133244,115246176,Rep of Ireland,1
5720730,115246470,Thiem,1
7407,115247007,Brescia,1
1,115247008,0 - 0,1
5924373,115248404,Somozas,1
58805,115248614,The Draw,1
1222347,115249128,Under 4.5 Goals,1
1485567,115249367,Under 5.5 Goals,1
1221385,115249538,Under 1.5 Goals,1
5851483,115249554,Over 0.5 Goals,1
2093776,115249590,Winterthur (HT),1
7249194,115249637,Kudryavtseva/Rodionova,1
3642502,115249875,Hsieh/Peng,0
8357669,115249875,Date-Krumm/Zahlavova Strycova,1
3647906,115249888,5 - 2,1
58805,115249947,The Draw,0
6551108,115249947,SK Slavia Praha U21,1
1,115250140,0 - 0,1
3,115250140,1 - 1,0
6,115250140,2 - 1,0
2407528,115250278,Under 8.5 Goals,1
6551124,115250320,FC Viktoria Plzen U21,1
2542448,115250406,Under 6.5 Goals,1
2,115250595,1 - 0,1
5851482,115250745,Under 0.5 Goals,1
47973,115250850,Over 2.5 Goals,1
58805,115250939,The Draw,1
1222347,115250995,Under 4.5 Goals,1
2542448,115251038,Under 6.5 Goals,1
47972,115251090,Under 2.5 Goals,1
1222347,115251091,Under 4.5 Goals,1
7292535,115251615,Enerhiya Nova Kakhovka,1
47973,115251671,Over 2.5 Goals,1
47973,115251869,Over 2.5 Goals,1
2483001,115252045,Kei Nishikori,1
4105819,115252045,Milos Raonic,0
4949639,115252046,Raonic 3 - 2,1
4105819,115252047,Milos Raonic,1
4105819,115252052,Milos Raonic,1
2483001,115252055,Kei Nishikori,1
3064880,115252056,Four Sets,1
8752623,115252142,Jankovic/Koukalova,1
2248507,115252171,Flavia Pennetta,1
2256494,115252171,Casey Dellacqua,0
320313,115252172,Pennetta 2 - 0,1
2638534,115252175,Under 21.5 Games,1
2638535,115252175,Over 21.5 Games,0
2256494,115252176,Casey Dellacqua,1
2263640,115252193,Victoria Azarenka,1
5300820,115252193,Aleksandra Krunic,0
1368664,115252194,Azarenka 2 - 0,0
5300819,115252194,Krunic 2 - 1,1
3078511,115252196,Azarenka -5.5 Games,1
2263640,115252198,Victoria Azarenka,1
8189271,115252231,Gajdosova/Tomljanovic,1
7766530,115252249,Dabrowski/Rosolska,0
8624394,115252249,Hlavackova/Zheng,1
2250864,115252381,Kaia Kanepi,1
8316307,115252386,Ser Williams 2 - 1,1
8814639,115252388,Kanepi +6.5 Games,1
2250864,115252390,Kaia Kanepi,1
41365,115252396,No,1
6504095,115252397,Peya/Soares,1
6504095,115252400,Peya/Soares,1
2256509,115252415,Andy Murray,1
4190307,115252415,Jo-Wilfried Tsonga,0
1150862,115252416,Tsonga 3 - 2,1
2554436,115252416,A Murray 3 - 1,0
2554437,115252416,A Murray 3 - 2,0
2256509,115252417,Andy Murray,1
3467434,115252418,Tsonga +2.5 Games,1
1523938,115252419,Under 41.5 Games,1
1523939,115252419,Over 41.5 Games,0
2905592,115252420,A Murray 7 - 6,1
2256509,115252422,Andy Murray,1
3064880,115252426,Four Sets,1
7309375,115252448,Berlocq/Mayer,1
8638693,115252448,Pospisil/Sock,0
2257302,115252468,Philipp Kohlschreiber,1
4464963,115252471,Kohlschreiber +8.5 Games,1
2266318,115252472,Under 29.5 Games,1
2257302,115252476,Philipp Kohlschreiber,1
2996932,115252479,Three Sets,1
3064880,115252479,Four Sets,0
3311163,115252558,Black/Paes,1
2453959,115252631,Ekaterina Makarova,1
5704759,115252631,Eugenie Bouchard,0
8304925,115252632,E Makarova 2 - 0,1
2453959,115252636,Ekaterina Makarova,1
2996932,115252638,Three Sets,1
2257309,115252667,Stanislas Wawrinka,1
410096,115252668,Robredo 3 - 1,0
410097,115252668,Robredo 3 - 2,1
8792584,115252668,S Wawrinka 3 - 0,0
2257309,115252669,Stanislas Wawrinka,1
2257298,115252674,Tommy Robredo,1
2257309,115252675,Stanislas Wawrinka,1
2249835,115252973,Go Soeda,1
7048850,115252973,Jason Jung,0
5858048,115252977,Yasutaka Uchiyama,1
8259002,115252977,Liang-Chi Huang,0
3019240,115252981,Thomas Fabbiano,1
6064287,115252985,James Duckworth,1
7414305,115252985,Elias Ymer,0
7690576,115252993,Hyeon Chung,1
8813788,115253001,Jose (Rubin) Statham,1
5626817,115253014,Kyle Edmund,0
8259003,115253014,Tsung-Hua Yang,1
5626814,115253015,Edmund 2 - 0,1
2559490,115253020,Ti Chen,0
3772081,115253020,Yuki Bhambri,1
4596953,115253024,Di Wu,1
3357363,115253030,Yan Bai,1
7657224,115253230,Eri Hozumi,1
8810250,115253274,Yuan Xin,1
4182952,115253293,Ling Zhang,1
7051154,115253316,Kateryna Kozlova,1
8714569,115253316,Lin Zhu,0
3051579,115253328,Cagla Buyukakcay,0
4673013,115253328,Lyudmyla Kichenok,1
3051579,115253335,Cagla Buyukakcay,1
6145788,115253342,Misa Eguchi,1
3390364,115253381,Ksenia Pervak,1
8174145,115253401,Fangzhou Liu,1
8176576,115253777,Ser Williams,1
2257299,115253902,Ruben Ramirez Hidalgo,1
4903593,115253913,Steven Diez,1
4521608,115253915,Yannick Mertens,1
8260127,115253920,Daniel Gimeno-Traver,1
8285864,115253920,Matteo Donati,0
8260127,115253923,Daniel Gimeno-Traver,1
6391754,115253931,Gerard Granollers,0
8194189,115253931,Toni Androic,1
8194189,115253934,Toni Androic,1
7185192,115253936,Roberto Carballes Baena,1
7185192,115253938,Roberto Carballes Baena,1
7185192,115253939,Roberto Carballes Baena,0
8428332,115253939,Tristan Lamasine,1
8720949,115253950,Thiemo de Bakker,1
7364095,115253952,Kimmer Coppejans,1
4946664,115253954,Matteo Viola,1
8304981,115253955,Munoz-De La Nava 2 - 0,1
3658467,115253962,Nikola Mektic,1
5617034,115254340,Kenny De Schepper,1
6603902,115254340,Gregoire Burquier,0
3391304,115254353,Evgeny Donskoy,0
7797772,115254353,Egor Gerasimov,1
7797770,115254354,Gerasimov 2 - 1,1
3391304,115254356,Evgeny Donskoy,1
2249346,115254359,Florent Serra,0
7032040,115254359,Fabrice Martin,1
2396600,115254363,Andreas Beck,1
8284479,115254363,Federico Gaio,0
8287021,115254364,And Beck 2 - 0,1
2831873,115254369,Ruben Bemelmans,1
5011822,115254369,Konstantin Kravchuk,0
5706996,115254373,Aljaz Bedene,1
7593283,115254373,Andrea Arnaboldi,0
7593283,115254375,Andrea Arnaboldi,1
6603914,115254384,Guido Andreozzi,1
5829494,115254387,Alessandro Giannessi,1
2257317,115254392,Nicolas Mahut,1
7283331,115254392,Richard Becker,0
4987965,115254400,Adrian Ungur,1
2256483,115254409,Filippo Volandri,1
4195870,115254417,Marius Copil,1
4448756,115254421,Jason Kubler,1
7216244,115254424,Dragos Dima,1
3126145,115254427,Jaroslav Pospisil,1
7031400,115254429,Lucas Pouille,1
2263599,115254430,Albert Montanes,0
4827766,115254430,Marton Fucsovics,1
5707016,115254434,Laurynas Grigelis,1
2426230,115254437,Jonathan Eysseric,0
7659748,115254437,Aslan Karatsev,1
2743820,115254447,Ivo Klec,0
3474265,115254447,Denys Molchanov,1
8476499,115254448,Francesco Picco,1
3474265,115254452,Denys Molchanov,1
7412952,115254470,Roberto Marcora,1
4843191,115254474,Lindell 2 - 0,1
2489421,115254476,Pere Riba,1
3393020,115254478,Valery Rudnev,0
8257872,115254478,Adrian Sikora,1
3393020,115254481,Valery Rudnev,1
4486603,115254482,Dustin Brown,1
2969565,115254486,Rui Machado,1
3034493,115254486,Jan Mertl,0
3034493,115254489,Jan Mertl,1
4275820,115254500,Vincent Millot,1
7430944,115254509,Alexander Zverev,1
7066921,115254517,Martin Vaisse,1
1222344,115254668,Under 3.5 Goals,1
5851483,115254752,Over 0.5 Goals,1
6564901,115254753,Metallist Kharkiv U19,1
2,115254762,1 - 0,1
1222344,115254764,Under 3.5 Goals,1
1485568,115254832,Over 5.5 Goals,1
1485567,115254852,Under 5.5 Goals,1
1222344,115254916,Under 3.5 Goals,1
5851482,115254992,Under 0.5 Goals,1
1221386,115255036,Over 1.5 Goals,1
1222344,115255406,Under 3.5 Goals,1
1,115255417,0 - 0,1
47973,115255419,Over 2.5 Goals,1
47972,115255843,Under 2.5 Goals,1
47973,115255843,Over 2.5 Goals,0
47972,115256299,Under 2.5 Goals,1
2,115256301,1 - 0,1
2017883,115256388,Gyori,1
46934,115256436,Debrecen,1
5786814,115256436,Szeged 2011,0
1221385,115256638,Under 1.5 Goals,1
1221386,115256686,Over 1.5 Goals,1
1485568,115256778,Over 5.5 Goals,1
47972,115256828,Under 2.5 Goals,1
1221386,115256923,Over 1.5 Goals,1
2444577,115256958,Jo Wilfried Tsonga,1
2444577,115256965,Jo Wilfried Tsonga,1
8225016,115257020,Jose Hernandez,1
8174904,115257022,Thales Turini,1
8231421,115257036,Juan-Carlos Spir,1
7430957,115257038,Michael Quintero,1
8326736,115257047,Martin Cuevas,1
7083200,115257051,Nicolas Barrientos,1
8260515,115257059,Nicolas Jarry,1
5304143,115257063,Fernando Romboli,1
4822931,115257068,Renzo Olivo,0
5304142,115257068,Guilherme Clezar,1
7706554,115257098,Butorac/Klaasen,1
7706554,115257101,Butorac/Klaasen,1
3288367,115257125,Austin Krajicek,1
2249345,115257131,Gilles Simon,1
8792612,115257132,Ma Cilic 3 - 1,1
2263681,115257133,Marin Cilic,1
2263681,115257138,Marin Cilic,1
22660,115257146,Williams/Williams,1
6369481,115257148,Makarova/Vesnina,1
22660,115257149,Williams/Williams,1
1549188,115257153,Errani 2 - 1,1
2639652,115257156,Under 19.5 Games,1
41365,115257160,No,1
8801020,115257304,Mirza/Soares,1
6632627,115257323,Peschke/Matkowski,1
2256470,115257339,Tomas Berdych,1
2526257,115257342,Berdych -5.5 Games,1
8815336,115257342,Thiem +5.5 Games,0
4290403,115257362,Roberto Bautista Agut,1
39491,115257363,Federer 3 - 0,1
5617009,115257363,Bautista Agut 3 - 2,0
2251402,115257364,Roger Federer,1
2248499,115257424,Shuai Peng,1
7770357,115257427,Bencic +1.5 Games,0
8816397,115257427,S Peng -1.5 Games,1
1530187,115257428,Over 22.5 Games,1
2248499,115257429,Shuai Peng,1
41365,115257435,No,1
3120169,115257436,Grigor Dimitrov,1
3120169,115257443,Grigor Dimitrov,1
2257300,115257444,Gael Monfils,1
2996932,115257447,Three Sets,1
13128,115257454,Phoenix,1
8706513,115257455,Minnesota +5.5pts,1
4182952,115257457,Ling Zhang,0
7051154,115257457,Kateryna Kozlova,1
7593369,115257465,Anna-Lena Friedsam,1
8176581,115257504,S Peng,1
8176508,115257507,Ma Cilic,1
8179583,115257507,G Simon,0
2263640,115257665,Victoria Azarenka,1
2257298,115257745,Tommy Robredo,1
2257309,115257779,Stanislas Wawrinka,1
1222347,115258452,Under 4.5 Goals,1
1221386,115258454,Over 1.5 Goals,1
411127,115258525,Serbia U21,1
58805,115258701,The Draw,1
47972,115258703,Under 2.5 Goals,1
6553194,115259160,FC Zbrojovka Brno U21,1
1221386,115264462,Over 1.5 Goals,1
4202993,115264510,Cegledi,1
47973,115264517,Over 2.5 Goals,1
58805,115264606,The Draw,1
5,115264785,2 - 0,1
8,115264879,1 - 2,1
1221385,115264960,Under 1.5 Goals,1
367589,115264977,Velez,1
5851482,115265029,Under 0.5 Goals,1
1221385,115265148,Under 1.5 Goals,1
47973,115265162,Over 2.5 Goals,1
58805,115265353,The Draw,1
2180347,115265733,Croatia/Cyprus,1
1221386,115265812,Over 1.5 Goals,1
1222344,115265813,Under 3.5 Goals,1
1222346,115265814,Over 4.5 Goals,1
2,115265825,1 - 0,1
11,115265825,3 - 1,0
3766835,115265827,Azerbaijan/Russia,1
3,115265918,1 - 1,1
885039,115266067,Uzbekistan/Draw,1
920032,115266223,Tajikistan,1
1,115266413,0 - 0,1
5369708,115266568,FC Nordsj (Res),1
4506345,115266719,Any Unquoted ,1
8602612,115266810,HyPS Hyvinkaa,1
1,115266819,0 - 0,1
1222347,115267395,Under 4.5 Goals,1
2542449,115267487,Over 6.5 Goals,1
1222344,115267633,Under 3.5 Goals,1
47973,115267646,Over 2.5 Goals,1
12,115267948,3 - 2,1
501166,115268212,Banska Bystrica,1
1221385,115268519,Under 1.5 Goals,1
1485568,115268562,Over 5.5 Goals,1
367575,115268798,Bohemians Prague,1
1221385,115268808,Under 1.5 Goals,1
4142629,115268846,Meteor Prague,1
8,115269741,1 - 2,1
1222344,115269981,Under 3.5 Goals,1
47973,115270025,Over 2.5 Goals,1
5851483,115270257,Over 0.5 Goals,1
1222344,115270652,Under 3.5 Goals,1
1221386,115270689,Over 1.5 Goals,1
1221386,115270710,Over 1.5 Goals,1
5851482,115270798,Under 0.5 Goals,1
1222347,115270964,Under 4.5 Goals,1
6195133,115271281,Dodig/Melo,1
7309375,115271281,Berlocq/Mayer,0
4874457,115271299,Yann Marti,1
2284304,115271303,Sergiy Stakhovsky,1
7032182,115271313,Filip Veger,0
8266399,115271313,Pierre-Hugues Herbert,1
8289816,115271314,P Herbert 2 - 0,1
8266399,115271316,Pierre-Hugues Herbert,1
3261618,115271317,Somdev Devvarman,1
3375669,115271317,Yuichi Ito,0
3375669,115271319,Yuichi Ito,1
8351123,115271325,Takuto Niki,1
6596565,115271327,Sanam Singh,1
5038271,115271332,Zhe Li,0
8145584,115271332,Jordan Thompson,1
8621877,115271336,Albert Ramos-Vinolas,1
8288060,115271338,Adelchi Virgili,1
2967260,115271342,Gianluca Naso,1
2967260,115271345,Gianluca Naso,1
5704646,115271346,Mate Delic,1
7287668,115271350,Jozef Kovalik,0
7414058,115271350,Damir Dzumhur,1
4876703,115271356,G Melzer 2 - 0,1
4876705,115271358,Gerald Melzer,1
2424788,115271359,Flavio Cipolla,0
3914801,115271359,Guillaume Rufin,1
3218571,115271363,Chase Buchanan,1
2538236,115271368,Serena Williams,1
8316306,115271369,Ser Williams 2 - 0,1
2765062,115271370,Pennetta 6 - 4,1
4168750,115271371,Pennetta +5.5 Games,1
2538236,115271374,Serena Williams,1
8443094,115271380,Giulio Torroni,0
8461638,115271380,Yannik Reuter,1
8443094,115271382,Giulio Torroni,1
2263681,115271413,Marin Cilic,1
2263681,115271428,Marin Cilic,1
2263681,115271453,Marin Cilic,1
2249345,115271455,Gilles Simon,1
3120169,115271471,Grigor Dimitrov,1
2257300,115271481,Gael Monfils,1
2257300,115271483,Gael Monfils,1
3120169,115271485,Grigor Dimitrov,1
2257300,115271487,Gael Monfils,1
2251402,115271625,Roger Federer,1
2251402,115271628,Roger Federer,1
2251402,115271636,Roger Federer,1
2251402,115271642,Roger Federer,1
2309522,115271681,Caroline Wozniacki,1
2309522,115271696,Caroline Wozniacki,1
2248507,115271725,Flavia Pennetta,1
2538236,115271728,Serena Williams,1
10761,115271813,Boavista,1
8624394,115271827,Hlavackova/Zheng,1
6504095,115271834,Peya/Soares,1
69852,115271841,No Goal,0
495321,115271841,Rio Ave,1
10761,115271842,Boavista,0
495321,115271842,Rio Ave,1
2256509,115271844,Andy Murray,1
2554437,115271845,A Murray 3 - 2,0
8792634,115271845,N Djokovic 3 - 1,1
2249229,115271846,Novak Djokovic,1
3362317,115271849,N Djokovic 7 - 5,1
2249229,115271854,Novak Djokovic,1
2996932,115271855,Three Sets,0
3064880,115271855,Four Sets,1
8621527,115271867,Hingis/Pennetta,1
7702156,115271891,Black/Mirza,1
1502771,115271895,Bryan/Bryan,1
1502771,115271898,Bryan/Bryan,0
6191761,115271898,Marrero/Verdasco,1
2249229,115271902,Novak Djokovic,1
2249229,115271908,Novak Djokovic,1
2256509,115271909,Andy Murray,1
2256509,115271917,Andy Murray,1
2256509,115271919,Andy Murray,1
2249229,115271930,Novak Djokovic,1
2249229,115271932,Novak Djokovic,1
2263640,115271983,Victoria Azarenka,0
2453959,115271983,Ekaterina Makarova,1
8304925,115271984,E Makarova 2 - 0,1
1530187,115271987,Over 22.5 Games,1
2263640,115271988,Victoria Azarenka,0
2453959,115271988,Ekaterina Makarova,1
2453959,115271989,Ekaterina Makarova,1
2996931,115271990,Two Sets,1
13116,115272001,Indiana,0
13117,115272001,Chicago,1
293339,115272003,Over 146.5pts,1
4596953,115272005,Di Wu,1
2257309,115272009,Stanislas Wawrinka,0
2483001,115272009,Kei Nishikori,1
3132880,115272010,Nishikori 3 - 2,1
3132888,115272010,Nishikori 3 - 0,0
8792584,115272010,S Wawrinka 3 - 0,0
2483001,115272011,Kei Nishikori,1
1523069,115272013,Over 40.5 Games,1
2257309,115272016,Stanislas Wawrinka,0
2483001,115272016,Kei Nishikori,1
2257309,115272017,Stanislas Wawrinka,1
2257309,115272019,Stanislas Wawrinka,1
2483001,115272019,Kei Nishikori,0
3064881,115272020,Five Sets,1
2257309,115272053,Stanislas Wawrinka,1
2483001,115272068,Kei Nishikori,1
2483001,115272071,Kei Nishikori,1
2483001,115272078,Kei Nishikori,1
2257309,115272085,Stanislas Wawrinka,1
2031265,115272092,Azarenka,1
2548650,115272108,A Murray,1
7001440,115273169,Indonesia Warriors,1
291091,115273174,Over 152.5pts,1
7001440,115273175,Indonesia Warriors,1
8685611,115273175,Bangkok City,0
8809037,115273176,Indonesia Warriors +5.5,1
303475,115273177,Over 139.5pts,1
7001441,115273178,Malaysia Dragons,1
7008882,115273178,Saigon Heat,0
299049,115273180,Over 155.5pts,1
8283556,115273185,Antal Van Der Duim,1
3120396,115273193,Matwe Middelkoop,1
7335937,115273206,Wesley Koolhof,1
1539448,115273207,Sijsling 2 - 1,1
8174145,115273213,Fangzhou Liu,1
8801020,115273241,Mirza/Soares,1
4673013,115275933,Lyudmyla Kichenok,1
8257872,115276328,Adrian Sikora,1
7066925,115276331,Mathias Bourgue,1
4908158,115276719,Santa Fe,1
1222344,115276725,Under 3.5 Goals,1
47973,115277125,Over 2.5 Goals,1
7032040,115277355,Fabrice Martin,1
3218571,115277371,Chase Buchanan,0
8476477,115277371,Petru-Alexandru Luncanu,1
3914801,115277381,Guillaume Rufin,1
4876705,115277381,Gerald Melzer,0
4876705,115277383,Gerald Melzer,1
5441581,115277450,SKA-Energiya,1
58805,115277503,The Draw,1
47973,115277623,Over 2.5 Goals,1
5851482,115277772,Under 0.5 Goals,1
3244508,115277792,Gazovik,1
5441577,115277857,Yenisey Krasnoyarsk,1
4448756,115277964,Jason Kubler,1
1222347,115278015,Under 4.5 Goals,1
1221386,115278088,Over 1.5 Goals,1
1222344,115278137,Under 3.5 Goals,1
1222344,115278202,Under 3.5 Goals,1
1222345,115278268,Over 3.5 Goals,1
1222347,115278269,Under 4.5 Goals,1
47972,115278281,Under 2.5 Goals,1
2015637,115278282,NEC Nijmegen/Draw,1
2407528,115278288,Under 8.5 Goals,1
1222345,115278333,Over 3.5 Goals,1
1485567,115278506,Under 5.5 Goals,1
58805,115278597,The Draw,1
58805,115278645,The Draw,1
6444309,115278741,CD Uni de Popayan,1
47972,115278796,Under 2.5 Goals,1
1222346,115278990,Over 4.5 Goals,1
8608070,115279030,TuWe,1
1222345,115279679,Over 3.5 Goals,1
2542448,115279703,Under 6.5 Goals,1
1485568,115279719,Over 5.5 Goals,1
1221386,115279736,Over 1.5 Goals,1
2542448,115279761,Under 6.5 Goals,1
1485573,115279787,Over 7.5 Goals,1
1222346,115279807,Over 4.5 Goals,1
5851483,115279821,Over 0.5 Goals,1
7331837,115279831,Tallinna FC Dnipro,1
47973,115279933,Over 2.5 Goals,1
7534093,115280268,Lorenzo Giustino,1
2249230,115280273,Jan Hajek,1
2249230,115280276,Jan Hajek,1
7702156,115280280,Black/Mirza,0
8621527,115280280,Hingis/Pennetta,1
4720523,115280284,Gianni Mina,0
7032057,115280284,Gonzalo Lama,1
1502771,115280296,Bryan/Bryan,1
5231648,115280296,Lipsky/Ram,0
708243,115280297,Bryan/Bryan 2 - 0,0
708244,115280297,Bryan/Bryan 2 - 1,1
2256470,115280301,Tomas Berdych,0
2263681,115280301,Marin Cilic,1
511875,115280302,Berdych 3 - 2,0
8792611,115280302,Ma Cilic 3 - 0,1
8792612,115280302,Ma Cilic 3 - 1,0
1523939,115280305,Over 41.5 Games,1
2256470,115280309,Tomas Berdych,0
2263681,115280309,Marin Cilic,1
2996932,115280312,Three Sets,1
2263681,115280315,Marin Cilic,1
2263681,115280331,Marin Cilic,1
6498878,115280381,Marco Trungelliti,1
4520808,115280384,Facundo Bagnis,1
2251402,115280386,Roger Federer,1
2257300,115280386,Gael Monfils,0
39491,115280387,Federer 3 - 0,0
39493,115280387,Federer 3 - 2,1
1040750,115280387,Monfils 3 - 0,0
1040751,115280387,Monfils 3 - 1,0
1040752,115280387,Monfils 3 - 2,0
2251402,115280388,Roger Federer,0
2257300,115280388,Gael Monfils,1
2764353,115280391,Federer 6 - 1,1
2251402,115280393,Roger Federer,0
2257300,115280393,Gael Monfils,1
2257300,115280396,Gael Monfils,1
2257300,115280409,Gael Monfils,1
2257300,115280416,Gael Monfils,1
2257300,115280442,Gael Monfils,1
2251402,115280448,Roger Federer,1
2251402,115280450,Roger Federer,1
2251402,115280451,Roger Federer,1
2251402,115280452,Roger Federer,1
2257300,115280457,Gael Monfils,1
2251402,115280461,Roger Federer,1
2248499,115280467,Shuai Peng,0
2309522,115280467,Caroline Wozniacki,1
2248499,115280472,Shuai Peng,0
2309522,115280472,Caroline Wozniacki,1
2309522,115280497,Caroline Wozniacki,1
8243879,115280526,Patricia Mayr-Achleitner,1
5303559,115280530,Jana Cepelova,1
6064287,115280534,James Duckworth,0
7137497,115280534,Yoshihito Nishioka,1
6064287,115280536,James Duckworth,1
5858048,115280538,Yasutaka Uchiyama,1
6145788,115280546,Misa Eguchi,1
7593284,115280546,Risa Ozaki,0
2004441,115280554,Berdych,0
8176508,115280554,Ma Cilic,1
8176581,115280558,S Peng,1
2263550,115280560,Danai Udomchoke,1
4415206,115280560,John Millman,0
8145584,115280564,Jordan Thompson,1
4,115280634,0 - 1,1
8243878,115280681,Ying-Ying Duan,1
8243879,115280681,Patricia Mayr-Achleitner,0
5303559,115280685,Jana Cepelova,1
6596565,115280689,Sanam Singh,1
3772081,115283475,Yuki Bhambri,1
8259003,115283475,Tsung-Hua Yang,0
4827766,115286235,Marton Fucsovics,1
4827766,115286237,Marton Fucsovics,1
5851482,115286263,Under 0.5 Goals,1
8443607,115286532,Claudio Fortuna,1
8304768,115286561,A Haider-Maurer 2 - 0,1
5707016,115286566,Laurynas Grigelis,1
5707016,115286569,Laurynas Grigelis,1
7412952,115286569,Roberto Marcora,0
2286209,115286612,Marc Gicquel,1
5704646,115286804,Mate Delic,1
7414058,115286804,Damir Dzumhur,0
7287694,115286811,Boy Westerhof,0
8259000,115286811,Daniel Munoz-De La Nava,1
7287694,115286813,Boy Westerhof,1
3474265,115288916,Denys Molchanov,1
5617034,115288916,Kenny De Schepper,0
4195870,115288925,Marius Copil,0
7659748,115288925,Aslan Karatsev,1
7659748,115288927,Aslan Karatsev,1
8283556,115288998,Antal Van Der Duim,1
3120396,115288999,Matwe Middelkoop,1
47972,115289016,Under 2.5 Goals,1
7037000,115289039,Deportivo Capiata,1
15301,115289193,Peru,1
7,115289331,2 - 2,1
5851483,115289372,Over 0.5 Goals,1
1485567,115289618,Under 5.5 Goals,1
1222344,115289731,Under 3.5 Goals,1
47972,115289744,Under 2.5 Goals,1
58805,115289813,The Draw,1
328698,115289878,12 de Octubre,1
12,115290005,3 - 2,1
330229,115290075,Universitario,1
1221386,115290141,Over 1.5 Goals,1
2542448,115290143,Under 6.5 Goals,1
5851482,115290185,Under 0.5 Goals,1
505957,115290187,Feirense,1
1221385,115290189,Under 1.5 Goals,1
1221386,115290189,Over 1.5 Goals,0
1222346,115290191,Over 4.5 Goals,0
1222347,115290191,Under 4.5 Goals,1
2004841,115290200,The Draw (HT),0
3727851,115290200,Feirense (HT),1
2,115290201,1 - 0,1
1,115290202,0 - 0,0
2,115290202,1 - 0,1
3,115290202,1 - 1,0
4,115290202,0 - 1,0
5,115290202,2 - 0,0
47972,115290203,Under 2.5 Goals,1
47973,115290203,Over 2.5 Goals,0
58805,115290205,The Draw,0
505957,115290205,Feirense,0
4240339,115290205,Tondela,1
8443607,115290310,Claudio Fortuna,1
1222346,115290340,Over 4.5 Goals,1
3261618,115290460,Somdev Devvarman,1
8351696,115290461,Niki 2 - 1,1
1222344,115290532,Under 3.5 Goals,1
1485568,115290538,Over 5.5 Goals,1
1,115290601,0 - 0,1
5851483,115290747,Over 0.5 Goals,1
1222344,115290865,Under 3.5 Goals,1
2542448,115290872,Under 6.5 Goals,1
5851483,115291019,Over 0.5 Goals,1
11,115291025,3 - 1,1
1221386,115291338,Over 1.5 Goals,1
1485567,115291425,Under 5.5 Goals,1
7066935,115291435,Maxime Chazal,1
2969565,115291455,Rui Machado,0
4987965,115291455,Adrian Ungur,1
4142642,115291658,Kromeriz,1
7405021,115292144,Mezokovesd-Zsory (HT),1
47972,115292243,Under 2.5 Goals,1
7260480,115292284,Pelita Bandung Raya,1
47972,115292291,Under 2.5 Goals,1
5851483,115292331,Over 0.5 Goals,1
58805,115292381,The Draw,1
47972,115292388,Under 2.5 Goals,1
1221385,115292391,Under 1.5 Goals,1
1221386,115292391,Over 1.5 Goals,0
47972,115292485,Under 2.5 Goals,1
6673836,115292526,Calcio Catania U19,1
1485568,115292965,Over 5.5 Goals,1
477822,115293264,Shakhtar,1
1221385,115293313,Under 1.5 Goals,1
1221385,115293330,Under 1.5 Goals,1
8260127,115293558,Daniel Gimeno-Traver,1
2396600,115294029,Andreas Beck,1
4843189,115294029,Christian Lindell,0
2396600,115294031,Andreas Beck,1
69852,115294113,No Goal,1
4490590,115294134,Joao Souza,1
8225016,115294134,Jose Hernandez,0
8306185,115294135,J Hernandez 2 - 1,1
4490590,115294136,Joao Souza,1
8225016,115294137,Jose Hernandez,1
6374165,115294140,Marco Cecchinato,1
5304700,115294149,Andre Ghem,1
6384780,115294157,Pennetta +6.5 Games,1
2302797,115294160,Jesse Huta Galung,1
1221386,115294369,Over 1.5 Goals,1
6,115294518,2 - 1,1
1,115294903,0 - 0,1
5851483,115294944,Over 0.5 Goals,1
18,115295193,Germany,1
6369481,115295195,Makarova/Vesnina,1
8611864,115295195,Date-Krumm/Zahlavova St,0
8611864,115295197,Date-Krumm/Zahlavova St,1
2263624,115295642,Viktor Troicki,1
8284473,115295642,Matteo Trevisan,0
8284473,115295645,Matteo Trevisan,1
3288367,115295662,Austin Krajicek,1
4903602,115295670,Carlos Salamanca,1
7430966,115295670,Marcelo Arevalo,0
30,115295714,Norway,1
8174492,115296243,Tomas Lipovsek Puches,1
5561215,115296251,Granollers/Lopez,1
6195133,115296251,Dodig/Melo,0
7614487,115296267,Spears/Gonzalez,0
8801020,115296267,Mirza/Soares,1
6604262,115296309,Alejandro Gonzalez,1
7366935,115296309,Fabiano De Paula,0
2453959,115296319,Ekaterina Makarova,1
2639653,115296323,Over 19.5 Games,1
2453959,115296324,Ekaterina Makarova,1
2453959,115296325,Ekaterina Makarova,1
41365,115296329,No,1
41365,115296330,No,1
5303559,115296355,Jana Cepelova,1
5303559,115296358,Jana Cepelova,1
2249229,115296359,Novak Djokovic,0
2483001,115296359,Kei Nishikori,1
3132888,115296360,Nishikori 3 - 0,1
8792635,115296360,N Djokovic 3 - 2,0
2249229,115296361,Novak Djokovic,0
2483001,115296361,Kei Nishikori,1
41364,115296365,Yes,1
2249229,115296366,Novak Djokovic,1
2249229,115296367,Novak Djokovic,1
41365,115296368,No,1
2249229,115296369,Novak Djokovic,1
2996932,115296370,Three Sets,1
3064881,115296370,Five Sets,0
41365,115296372,No,1
3261618,115296376,Somdev Devvarman,1
3261618,115296379,Somdev Devvarman,1
6145788,115296381,Misa Eguchi,1
6145788,115296383,Misa Eguchi,1
3772081,115296385,Yuki Bhambri,0
8681900,115296385,Luca Vanni,1
3772081,115296387,Yuki Bhambri,1
3772081,115296388,Yuki Bhambri,1
2249835,115296400,Go Soeda,0
3019240,115296400,Thomas Fabbiano,1
2263550,115296404,Danai Udomchoke,1
13117,115296453,Chicago,1
2538236,115296525,Serena Williams,1
2538236,115296542,Serena Williams,1
2483001,115296629,Kei Nishikori,1
2483001,115296641,Kei Nishikori,1
2483001,115296651,Kei Nishikori,1
2249229,115296653,Novak Djokovic,1
8173023,115314491,Norbert Gombos,1
7659748,115314520,Aslan Karatsev,1
8257872,115314520,Adrian Sikora,0
7659742,115314521,Karatsev 2 - 1,1
4275820,115314564,Vincent Millot,1
4275820,115314566,Vincent Millot,1
3474265,115314567,Denys Molchanov,0
4275820,115314567,Vincent Millot,1
3126145,115314610,Jaroslav Pospisil,1
4987965,115314610,Adrian Ungur,0
4448756,115314614,Jason Kubler,0
4827766,115314614,Marton Fucsovics,1
7430944,115314629,Alexander Zverev,0
8266399,115314629,Pierre-Hugues Herbert,1
8266399,115314631,Pierre-Hugues Herbert,1
2396600,115314639,Andreas Beck,1
6374165,115314639,Marco Cecchinato,0
1485567,115314972,Under 5.5 Goals,1
47973,115314974,Over 2.5 Goals,1
47972,115315263,Under 2.5 Goals,1
1221386,115315266,Over 1.5 Goals,1
58805,115315304,The Draw,1
58805,115315352,The Draw,1
8260127,115315460,Daniel Gimeno-Traver,0
8428332,115315460,Tristan Lamasine,1
876292,115315461,Gimeno-Traver 2 - 1,1
8428332,115315463,Tristan Lamasine,1
1,115315952,0 - 0,1
8476477,115317101,Petru-Alexandru Luncanu,1
5707016,115317105,Laurynas Grigelis,1
5707016,115317107,Laurynas Grigelis,1
8283556,115317528,Antal Van Der Duim,1
2263624,115317532,Viktor Troicki,0
5704646,115317532,Mate Delic,1
2263624,115317535,Viktor Troicki,1
5851483,115317750,Over 0.5 Goals,1
47972,115317806,Under 2.5 Goals,1
47972,115318105,Under 2.5 Goals,1
1221385,115318300,Under 1.5 Goals,1
58805,115318349,The Draw,1
58805,115318556,The Draw,1
47973,115319516,Over 2.5 Goals,1
1222344,115319520,Under 3.5 Goals,1
1222347,115319992,Under 4.5 Goals,1
1222347,115320278,Under 4.5 Goals,1
6607086,115320995,Prostejov,1
1221386,115321101,Over 1.5 Goals,1
10,115321193,3 - 0,1
2542448,115321286,Under 6.5 Goals,1
6582670,115321475,FC Vysocina Jihlava U19,1
7598688,115321908,Vasas Budapest SC U21,1
58805,115322004,The Draw,1
47973,115322011,Over 2.5 Goals,1
3157354,115322149,Bnei Sakhnin,1
1222347,115322638,Under 4.5 Goals,1
8,115322739,1 - 2,1
1222344,115323379,Under 3.5 Goals,1
1485568,115323463,Over 5.5 Goals,1
1222347,115323534,Under 4.5 Goals,1
47972,115323546,Under 2.5 Goals,1
4968176,115324003,B93 (HT),1
1222347,115324011,Under 4.5 Goals,1
1222344,115324520,Under 3.5 Goals,1
2284304,115325320,Sergiy Stakhovsky,1
7066935,115325320,Maxime Chazal,0
1222344,115325371,Under 3.5 Goals,1
1222345,115325653,Over 3.5 Goals,1
2263612,115325698,Victor Hanescu,1
7364095,115325698,Kimmer Coppejans,0
5561215,115325724,Granollers/Lopez,1
8259000,115325753,Daniel Munoz-De La Nava,1
7032057,115325777,Gonzalo Lama,1
5706996,115325785,Aljaz Bedene,0
8621877,115325785,Albert Ramos-Vinolas,1
6369481,115325789,Makarova/Vesnina,1
8621527,115325789,Hingis/Pennetta,0
8621886,115325790,Hingis/Pennetta 2 - 0,1
8621527,115325791,Hingis/Pennetta,1
512605,115325802,Slovenia,1
4123625,115325802,Dominican Republic,0
2030652,115325803,Slovenia -8.5,1
295627,115325807,Under 145.5pts,1
295628,115325807,Over 145.5pts,0
299048,115325815,Under 155.5pts,1
284463,115325816,Under 135.5pts,1
284464,115325816,Over 135.5pts,0
512600,115325818,France,1
512603,115325818,Croatia,0
2549259,115325830,Over 74.5pts,1
704544,115325831,Under 159.5pts,1
704545,115325831,Over 159.5pts,0
2489657,115325834,Mexico,1
2525674,115325835,USA -37.5,0
8825538,115325835,Mexico +37.5,1
249519,115325839,Over 174.5pts,1
407955,115325846,Over 87.5pts,1
697205,115325848,Under 164.5pts,1
697206,115325848,Over 164.5pts,0
1499774,115325850,Senegal,1
2030705,115325851,Senegal +33.5,1
8825640,115325851,Spain -33.5,0
293338,115325855,Under 146.5pts,1
293339,115325855,Over 146.5pts,0
2005696,115325860,Spain (HT),1
291100,115325863,Under 156.5pts,1
285399,115325864,Under 136.5pts,0
285400,115325864,Over 136.5pts,1
208010,115325866,New Zealand,0
512601,115325866,Lithuania,1
523770,115325867,Lithuania -8.5,0
2499037,115325867,New Zealand +8.5,1
286852,115325871,Over 149.5pts,0
286853,115325871,Under 149.5pts,1
2549258,115325878,Under 74.5pts,1
704544,115325879,Under 159.5pts,1
303474,115325880,Under 139.5pts,0
303475,115325880,Over 139.5pts,1
512602,115325882,Greece,0
2486691,115325882,Serbia,1
3248271,115325883,Greece -4.5,1
767338,115325887,Under 144.5pts,0
767339,115325887,Over 144.5pts,1
2545900,115325890,Greece -1.5,1
2549468,115325891,Over 36.5pts,1
2023396,115325893,Serbia +2.5,1
5150432,115325894,Under 72.5pts,1
697199,115325895,Under 154.5pts,0
697200,115325895,Over 154.5pts,1
291092,115325896,Under 134.5pts,0
291093,115325896,Over 134.5pts,1
208004,115325898,Turkey,1
1499770,115325898,Australia,0
2076788,115325899,Australia -3.5,0
3227451,115325899,Turkey +3.5,1
767338,115325903,Under 144.5pts,1
767339,115325903,Over 144.5pts,0
208004,115325905,Turkey,1
2549469,115325907,Under 36.5pts,1
4950659,115325909,Australia -1.5,1
697199,115325911,Under 154.5pts,1
697200,115325911,Over 154.5pts,0
291092,115325912,Under 134.5pts,1
291093,115325912,Over 134.5pts,0
207999,115325914,Brazil,1
208017,115325914,Argentina,0
2049135,115325915,Argentina +6.5,0
2074150,115325915,Brazil -6.5,1
286848,115325919,Over 151.5pts,0
286849,115325919,Under 151.5pts,1
208017,115325921,Argentina,1
2004796,115325924,Argentina (HT),1
2545205,115325926,Under 75.5pts,1
310669,115325928,Under 141.5pts,0
310670,115325928,Over 141.5pts,1
4490590,115325933,Joao Souza,1
5304142,115325933,Guilherme Clezar,0
4490590,115325936,Joao Souza,1
5304142,115325936,Guilherme Clezar,0
3288367,115325939,Austin Krajicek,1
6604262,115325939,Alejandro Gonzalez,0
6604262,115325941,Alejandro Gonzalez,1
2251402,115325952,Roger Federer,0
2263681,115325952,Marin Cilic,1
39492,115325953,Federer 3 - 1,0
39493,115325953,Federer 3 - 2,0
8792611,115325953,Ma Cilic 3 - 0,1
8792612,115325953,Ma Cilic 3 - 1,0
2251402,115325954,Roger Federer,0
2263681,115325954,Marin Cilic,1
1523071,115325956,Over 38.5 Games,1
8370714,115325957,Ma Cilic 7 - 5,1
41364,115325958,Yes,1
2263681,115325960,Marin Cilic,1
3019240,115325973,Thomas Fabbiano,0
7137497,115325973,Yoshihito Nishioka,1
7137497,115325975,Yoshihito Nishioka,1
3019240,115325976,Thomas Fabbiano,1
7137497,115325976,Yoshihito Nishioka,0
512603,115325983,Croatia,1
512601,115325986,Lithuania,1
512602,115325987,Greece,1
208004,115325988,Turkey,1
1499770,115325988,Australia,0
1502771,115325990,Bryan/Bryan,1
2251402,115326063,Roger Federer,1
2263681,115326064,Marin Cilic,1
2263681,115326067,Marin Cilic,1
2251402,115326075,Roger Federer,1
2263681,115326080,Marin Cilic,1
8681900,115326112,Luca Vanni,1
2967315,115339800,Arina Rodionova,1
5497360,115339808,Jarmila Gajdosova,1
4151738,115339813,Erika Sema,1
3375695,115339817,Sofia Shapatava,0
8710301,115339817,Kai-Lin Zhang,1
2346703,115339821,Petra Martic,1
2263715,115339825,Tamira Paszek,1
6145777,115339833,Qiang Wang,0
7795296,115339833,Elizaveta Kulichkova,1
6196031,115339845,Elitsa Kostova,1
8595920,115339845,Emily Webley-Smith,0
3172285,115339849,Xinyun Han,0
7083215,115339849,Magda Linette,1
7695509,115339853,Yafan Wang,0
8714569,115339853,Lin Zhu,1
3914801,115340106,Guillaume Rufin,1
4673013,115340570,Lyudmyla Kichenok,1
4673013,115340572,Lyudmyla Kichenok,1
4259580,115340574,Yulia Putintseva,0
4729797,115340574,Oksana Kalashnikova,1
7593284,115340578,Risa Ozaki,1
7921012,115340578,Ankita Raina,0
5813162,115340586,Marta Sirotkina,1
6750186,115340589,Margarita Gasparyan,1
5300861,115340593,Lesia Tsurenko,1
8732124,115340598,Hiroko Kuwata,1
6390239,115340604,Maryna Zanevska,1
1485567,115342482,Under 5.5 Goals,1
3126145,115343187,Jaroslav Pospisil,0
8260128,115343187,Andreas Haider-Maurer,1
3126145,115343190,Jaroslav Pospisil,1
926431,115343552,Sparta Prague (HT),1
47972,115343705,Under 2.5 Goals,1
5809914,115344108,Dolny Kubin,1
8826368,115345660,Double Flower FA,1
1221385,115345958,Under 1.5 Goals,1
5738250,115346142,Egypt U23,1
2542448,115346150,Under 6.5 Goals,1
8266399,115346237,Pierre-Hugues Herbert,1
2284304,115346289,Sergiy Stakhovsky,1
732366,115346290,Stakhovsky 2 - 0,1
1221386,115346770,Over 1.5 Goals,1
2263612,115348039,Victor Hanescu,0
8259000,115348039,Daniel Munoz-De La Nava,1
7453429,115348091,KP Blekitni,1
1485568,115348336,Over 5.5 Goals,1
2396600,115348475,Andreas Beck,0
5704646,115348475,Mate Delic,1
8287021,115348476,And Beck 2 - 0,1
47973,115348631,Over 2.5 Goals,1
8480091,115349297,Huercal-Overa CF,1
47972,115349304,Under 2.5 Goals,1
5851483,115351276,Over 0.5 Goals,1
1,115351282,0 - 0,1
5851483,115351321,Over 0.5 Goals,1
1485567,115351347,Under 5.5 Goals,1
6603928,115351902,Samantha Crawford,1
8784983,115351902,Bernarda Pera,0
8826932,115351906,Ayan Broomfield,1
6564416,115351910,Tori Kinard,0
7168237,115351910,Sanaz Marand,1
2263617,115351914,Olga Savchuk,1
2263617,115351916,Olga Savchuk,1
7168420,115351918,Nicole Melichar,1
8826934,115351926,Charlotte Petrick,1
5374654,115351929,Maria Sanchez,1
7795596,115351933,Katerina Vankova,1
8316307,115351941,Ser Williams 2 - 1,1
8316309,115351942,Ser Williams 6 - 3,1
2779257,115351943,Williams -4.5 Games,1
2471514,115351944,Over 20.5 Games,1
2538236,115351946,Serena Williams,1
2996931,115351947,Two Sets,1
41364,115351949,Yes,1
2538236,115351953,Serena Williams,1
2309522,115351958,Caroline Wozniacki,1
2309522,115351967,Caroline Wozniacki,1
4520808,115351991,Facundo Bagnis,1
3288367,115352029,Austin Krajicek,1
5304700,115352029,Andre Ghem,0
3288367,115352031,Austin Krajicek,1
5304700,115352031,Andre Ghem,0
5304700,115352032,Andre Ghem,1
4061036,115352065,Nastja Kolar,1
5497360,115352086,Jarmila Gajdosova,1
2550525,115352090,Yi-Fan Xu,1
3261618,115352094,Somdev Devvarman,0
7137497,115352094,Yoshihito Nishioka,1
8698956,115352095,Yo Nishioka 2 - 0,1
5300861,115352172,Lesia Tsurenko,1
8732124,115352172,Hiroko Kuwata,0
8827187,115352245,Angola (W),1
6390239,115352249,Maryna Zanevska,1
7049183,115352249,Nadiya Kichenok,0
4228376,115352341,Phoenix Hagen,1
313166,115352343,Over 158.5pts,1
1221386,115353447,Over 1.5 Goals,1
6750186,115354572,Margarita Gasparyan,1
7593284,115354572,Risa Ozaki,0
7083215,115354657,Magda Linette,1
4061036,115354732,Nastja Kolar,1
5596565,115354734,Shuko Aoyama,0
6145788,115354734,Misa Eguchi,1
4729797,115354738,Oksana Kalashnikova,1
4729797,115354740,Oksana Kalashnikova,1
4729797,115354742,Oksana Kalashnikova,1
8260128,115355337,Andreas Haider-Maurer,1
1222345,115356787,Over 3.5 Goals,1
2257317,115357070,Nicolas Mahut,1
4275820,115357070,Vincent Millot,0
8259000,115357344,Daniel Munoz-De La Nava,1
5287538,115360632,Latina,1
4030151,115360639,Heidi El Tabakh,1
6603928,115360656,Samantha Crawford,1
7168233,115360656,Louisa Chirico,0
7335514,115360661,Tereza Martincova,1
7795596,115360661,Katerina Vankova,0
7335514,115360664,Tereza Martincova,1
2263617,115360759,Olga Savchuk,1
7550871,115360759,Carol Zhao,0
7550871,115360761,Carol Zhao,1
8621877,115360763,Albert Ramos-Vinolas,1
5323490,115360764,Ramos-Vinolas 2 - 1,1
6596550,115360776,A Krajicek 2 - 0,1
7683152,115360810,Nao Hibino,1
8784972,115360837,Barbora Krejcikova,1
2639653,115360844,Over 19.5 Games,1
2967315,115360935,Arina Rodionova,1
7611327,115364690,Academico de Viseu,1
6563316,115364700,Guimaraes B,1
